Name,Phone Number,Email,Address,Country,Postal code,Last date of connection,Last time of connection,Age,Gender,Customer spendings
Aaron Cote,966-7625,elit@hotmail.org,699-5837 Risus Street,Norway,4126,5-Apr-21,4:39,71,Man,356
Angelica Lawson,232-3051,diam.proin@google.org,481-8428 Magna. Street,Pakistan,518885,"oct. 10, 2021",0:36,37,Women,173
Louis Gilbert,1-997-733-0134,lorem.fringilla@hotmail.org,Ap #192-2082 Enim. Ave,Colombia,575444,2-Jul-22,3:37,24,Women,105
Oliver Christensen,1-260-552-1780,aliquam.iaculis.lacus@yahoo.net,Ap #640-1456 Ante Rd.,Belgium,1258,25-Jan-21,10:38,40,Women,380
Rooney Wilcox,1-738-376-1733,malesuada.vel@icloud.co,Ap #826-4894 Mi Rd.,Belgium,5164,29-May-21,6:55,47,Man,79
Jakeem Chaney,377-6229,lacinia.at@aol.co,Ap #730-9438 Quisque St.,Canada,B5G 6T7,23-Apr-22,17:24,46,Women,336
Nehru Swanson,394-9459,eu.eros@google.com,5252 Eu Road,Indonesia,21746,6-Aug-22,12:19,58,Man,401
Mufutau Bernard,1-497-157-1583,molestie@hotmail.com,"P.O. Box 533, 8658 Donec Ave",Indonesia,55945,17-Dec-21,23:28,41,Man,438
Dennis Delacruz,933-5315,elit.pretium@google.net,712-9708 Lorem Av.,South Africa,5057-1414,28-Jul-22,5:23,30,Man,59
Evangeline Le,1-864-586-2558,mauris@protonmail.co,Ap #189-7403 Et St.,Brazil,68380-741,6-Jan-21,12:11,27,Women,586
Tara Avila,608-1117,turpis.nec@yahoo.com,Ap #988-453 Donec Street,Italy,14537,29-Dec-21,2:19,63,Man,491
Uriah Kline,1-633-403-8328,amet.metus.aliquam@icloud.org,"Ap #458-7405 Lorem, St.",Australia,8314,19-Feb-21,13:14,28,Women,141
Carter Wagner,216-9626,lorem.sit@outlook.co,398-1102 Pretium Road,Turkey,76544,8-Feb-22,3:23,68,Women,524
Amos Blake,827-0842,risus.duis@icloud.co,5372 Egestas. Ave,Nigeria,752482,24-Jun-22,9:16,74,Man,258
Elaine Myers,1-256-494-7183,ornare.elit@icloud.co,"P.O. Box 741, 9930 Magna St.",France,64790,6-Jan-22,1:42,47,Man,477
Carter Holloway,1-337-460-5916,tempor.diam@hotmail.co,Ap #280-1125 Condimentum. Av.,Pakistan,443285,14-Dec-21,3:19,51,Man,585
Duncan Matthews,333-7587,augue@yahoo.com,Ap #154-6852 Felis Avenue,United States,25259,18-Jun-23,6:23,60,Man,379
Charity Smith,942-8431,cursus.et@google.co,Ap #887-7307 Habitant Ave,Mexico,73927-02346,10-Apr-21,3:39,25,Man,82
Yoshio Olson,1-376-683-9759,quis.urna@icloud.net,753-2393 Arcu. Avenue,Norway,2774,"oct. 25, 2022",16:18,44,Women,125
Jordan Combs,1-821-227-6311,lacinia.vitae@yahoo.net,172-3549 Et St.,Poland,98-769,11-Jan-21,3:35,24,Women,349
Callie Mayer,532-3917,tincidunt.dui.augue@protonmail.com,603-4340 In Rd.,Vietnam,398289,5-May-22,4:08,57,Man,317
Keegan Watts,1-942-548-3110,vel.venenatis@icloud.com,Ap #993-928 Rutrum Avenue,Costa Rica,50511,18-May-21,21:15,27,Women,434
Keith Baxter,1-432-648-3824,ac.risus@google.com,"Ap #756-2204 Nec, St.",Peru,31913,"nov. 9, 2021",18:37,29,Women,446
William Delgado,181-5470,consequat.dolor.vitae@outlook.co,"P.O. Box 754, 2522 Aliquam St.",China,753715,20-Sep-21,0:46,53,Women,261
Kareem Bolton,1-687-764-6833,arcu.eu@hotmail.co,"P.O. Box 760, 1897 Mattis. Ave",India,960553,21-Aug-21,19:22,41,Man,590
Ori Herman,437-8452,ac.fermentum.vel@hotmail.net,"Ap #300-3391 Montes, Rd.",Ireland,5782,1-Jan-23,22:40,64,Man,141
Colt Boyle,1-615-877-6586,rhoncus.nullam@aol.org,"P.O. Box 514, 4705 Nunc Street",Austria,3215,"oct. 6, 2021",19:03,47,Man,453
Tyler Mckay,1-554-482-3567,ligula.nullam@google.net,Ap #670-3192 Massa. St.,New Zealand,8358,"oct. 29, 2021",10:55,60,Man,184
Harlan Reed,1-364-633-7228,vitae.aliquet.nec@protonmail.com,Ap #610-7838 Tellus St.,Costa Rica,41317,28-May-23,2:19,67,Man,538
Christen Black,1-392-180-3959,nulla.donec@google.org,843-7938 Quis Rd.,Ireland,4761,16-May-21,9:26,64,Man,193
Angelica Cooley,1-488-391-4304,rhoncus@protonmail.com,Ap #126-7798 Enim Rd.,Philippines,1258,7-Feb-23,5:52,25,Man,483
Ronan Conner,1-226-755-0835,erat.vel@outlook.net,"3159 Non, Rd.",Turkey,58655,23-Jul-21,7:22,24,Women,104
Melvin Hood,678-1854,suscipit.nonummy@yahoo.net,"P.O. Box 379, 5294 Gravida St.",China,505734,24-May-22,16:52,37,Women,504
Ivor Ware,562-9076,tincidunt.tempus.risus@outlook.com,Ap #526-3710 Enim Av.,Brazil,96185-215,17-Feb-23,7:49,56,Man,107
Xander Frank,1-184-693-6955,sollicitudin.adipiscing@outlook.net,Ap #167-1278 Eu Av.,China,938223,8-Jun-22,7:08,24,Women,353
Grace Parrish,1-638-271-8621,quis@google.com,297-3603 Natoque St.,Canada,Y6V 0E9,"oct. 21, 2022",7:59,35,Women,71
Unity Shannon,217-0742,adipiscing.elit.aliquam@aol.net,Ap #107-5540 Aliquam St.,South Korea,11658,21-Mar-22,4:48,73,Women,264
Erich Gallagher,1-142-815-3019,eu@aol.org,Ap #801-9673 Lorem Street,China,775474,9-May-23,4:24,35,Man,149
Kylee Salazar,1-454-103-7190,dolor.fusce.mi@outlook.net,Ap #507-3528 Consectetuer St.,Germany,15120,12-Aug-22,9:38,26,Man,536
Roth Lara,764-5335,nunc.sed@yahoo.co,745-7484 Pellentesque St.,France,72723,30-Aug-22,14:30,66,Women,240
Deirdre Burke,1-425-793-4114,dignissim@protonmail.co,6213 Magna Rd.,Mexico,78353-87336,17-May-21,8:34,49,Women,550
Blossom Chaney,1-229-588-5312,sed@google.com,"P.O. Box 929, 1835 Ante Rd.",Belgium,5825,6-Jan-23,2:07,46,Women,61
Maxine Hansen,290-8658,sit.amet@outlook.co,Ap #265-7020 Eget Street,Pakistan,858158,23-Jan-22,2:10,44,Man,288
Jamalia Eaton,1-412-686-2127,gravida.praesent@yahoo.org,"P.O. Box 250, 1637 Tempus Road",Mexico,05255-66465,23-Dec-21,15:53,58,Man,186
Basil Orr,1-746-910-8877,ut.cursus.luctus@hotmail.co,"Ap #947-7207 Ante, St.",United States,77612,5-Sep-22,7:31,59,Women,349
Yoshi Cox,1-448-731-7743,morbi.metus.vivamus@hotmail.com,"P.O. Box 832, 1197 Amet Rd.",Russian Federation,241244,9-Dec-22,2:29,74,Women,521
Ulric Spence,884-8318,aliquet.libero@icloud.org,Ap #686-1640 Placerat Ave,Sweden,22356,29-Mar-23,5:57,38,Man,196
Skyler Robles,1-701-902-3399,nulla@yahoo.co,7014 Donec Street,France,41335,14-Jun-22,17:41,69,Women,522
Maxwell Webster,457-2551,dolor@icloud.net,621-4640 Ridiculus Rd.,Australia,4260,25-Apr-23,23:42,46,Women,85
Destiny Cox,563-3028,interdum.libero.dui@icloud.net,Ap #839-2288 Elit. Avenue,Poland,01-949,27-Mar-22,11:51,47,Man,95
Tucker Hardin,337-7464,donec.felis@google.net,508-866 Dignissim Av.,Netherlands,4322 YK,11-Feb-21,3:02,20,Women,261
Shellie Shields,733-5144,sit.amet@outlook.org,Ap #740-3143 Dui St.,Ukraine,64-72,19-Aug-21,10:28,50,Man,588
Nina Ball,789-3614,non.feugiat@icloud.net,"Ap #147-6340 Enim, Rd.",Singapore,887898,21-Jun-23,4:02,60,Man,455
Eugenia Vincent,415-5477,erat.volutpat@yahoo.org,Ap #997-993 Erat. St.,Mexico,09146-55205,3-Feb-21,14:40,32,Man,427
Wynter Tran,254-1859,ut.sem@icloud.net,Ap #784-2942 Dictum Ave,Spain,15213,29-Mar-21,23:08,72,Man,247
Xena Schultz,305-2785,odio.a.purus@aol.com,"P.O. Box 315, 7472 Quisque St.",Ireland,7980,14-Jun-22,22:13,67,Man,247
Yvonne Tanner,338-9195,tristique@protonmail.org,"P.O. Box 321, 7841 Arcu Avenue",Indonesia,93763,15-May-22,12:52,29,Man,563
Audrey Valenzuela,563-3750,volutpat.nulla@outlook.org,"1516 In, Rd.",Belgium,8111,3-Jul-21,17:22,37,Women,199
Lareina Mcknight,727-0771,non.ante.bibendum@hotmail.co,916-1692 Sed St.,Mexico,19552-88586,8-Apr-22,15:26,49,Women,389
Wendy Hayden,565-1877,sit.amet@icloud.net,"P.O. Box 314, 8088 Erat Av.",Philippines,7789,9-Jul-22,2:51,67,Women,256
Blossom Flores,618-7238,cras.dictum@hotmail.com,"P.O. Box 834, 9354 Gravida Av.",New Zealand,3373,11-Mar-21,19:24,22,Women,598
George Cameron,1-611-309-7971,neque@yahoo.org,155-5763 Sed Av.,Germany,58917,26-Aug-22,3:28,29,Women,146
Troy Sawyer,1-823-506-7473,neque.sed.sem@icloud.net,539-2969 Facilisis Road,New Zealand,9761,4-Apr-22,4:19,68,Women,409
Branden Baker,1-366-268-6524,malesuada.ut@aol.net,1575 Mollis Road,Germany,86739,"oct. 25, 2021",1:58,36,Women,295
William Wolf,218-1077,interdum.enim@aol.co,885-2746 Posuere Ave,Peru,39739,21-Jan-23,17:24,25,Women,243
Quail Puckett,1-573-203-0355,nibh@yahoo.co,983-7446 Dui Avenue,Turkey,66175,"oct. 8, 2021",21:35,41,Women,518
Conan Holt,611-6182,enim.non@google.org,9665 Sit Av.,Norway,5141,26-Dec-22,9:10,60,Man,150
April Mccoy,1-873-556-6794,nulla.at@aol.co,290-6513 Amet Av.,India,837758,10-Jul-21,7:03,34,Women,476
Maisie Kim,222-2982,felis.ullamcorper@icloud.co,948-1971 Posuere Ave,Colombia,367878,12-Mar-23,6:06,66,Women,302
Hedwig Park,535-9753,quisque.imperdiet@yahoo.org,Ap #412-531 Tortor. Rd.,South Africa,3929-8426,1-Jan-22,2:50,33,Women,477
Myles Osborn,1-319-384-2733,elit.pretium@google.com,Ap #655-6858 Consectetuer Av.,India,695737,30-May-21,12:11,71,Man,147
Damian Greer,365-6868,eu@icloud.com,Ap #585-6444 Mollis Ave,South Africa,1752-7440,9-May-23,21:34,56,Women,452
Marcia Ellison,238-3129,orci.tincidunt.adipiscing@aol.net,"P.O. Box 276, 1645 Vestibulum. Rd.",Colombia,235154,22-Aug-21,11:42,47,Man,118
Libby Brady,642-4095,non.dui@protonmail.com,470-2606 Quis Rd.,Russian Federation,100655,28-Feb-21,12:18,48,Women,570
Axel Mcfarland,442-8033,habitant.morbi@hotmail.org,"P.O. Box 381, 8537 At Road",Turkey,12321,27-Feb-22,18:38,74,Women,259
Evan Frost,187-6617,iaculis@google.net,Ap #254-4987 Nunc Rd.,Russian Federation,122833,"nov. 6, 2022",23:14,24,Women,231
Ray Flowers,1-604-894-5458,vestibulum.mauris@outlook.net,192-8438 Bibendum St.,Chile,523695,27-Jun-21,10:06,60,Man,197
Wendy Kelley,1-519-332-8473,non.massa@outlook.org,"6185 Facilisis, St.",Sweden,71424,15-Sep-22,21:18,41,Women,311
Ronan Mccray,1-554-175-3283,malesuada.ut@icloud.net,"398-5660 Pellentesque, Street",Italy,23555,20-Mar-23,18:10,29,Women,226
Uriel Shelton,1-532-737-6140,ornare.elit.elit@hotmail.net,787 Enim. Ave,Chile,336971,28-Jan-22,13:49,38,Man,279
Randall Huff,1-344-334-4725,fermentum.convallis@outlook.net,Ap #131-1427 Eu Avenue,Belgium,3707,7-Sep-22,23:27,37,Man,67
Dacey Cummings,323-1213,gravida.mauris@google.com,Ap #363-9795 Maecenas Rd.,Turkey,13176,5-May-23,7:06,67,Women,194
Wesley Jefferson,386-2515,nec.ante.blandit@outlook.org,865-2639 Aliquam St.,Belgium,7059,21-Dec-21,6:38,73,Women,311
Russell Ewing,1-344-297-2974,risus@yahoo.org,Ap #617-1344 Curae Rd.,Austria,8185,"nov. 12, 2021",20:44,45,Man,375
Connor Fernandez,1-488-511-8183,ac@outlook.org,"P.O. Box 604, 4362 Purus, Rd.",Ukraine,98-16,16-Aug-22,1:59,19,Man,242
Dieter Dejesus,1-475-772-4743,lorem.ipsum@icloud.org,Ap #491-2041 Sollicitudin Rd.,Canada,N4T 1M2,30-Apr-22,11:56,25,Women,418
Inga Wiley,495-1841,sem@aol.com,3125 Curae Road,Canada,W8N 1W5,"oct. 9, 2022",0:10,64,Man,408
Merrill Cardenas,1-252-588-1565,augue@outlook.org,892-1316 Quisque Avenue,China,581411,15-Jan-22,3:03,40,Women,515
Abdul Acevedo,749-5726,dui@google.co,912-3803 Fusce Avenue,Peru,33050,"nov. 1, 2021",14:18,28,Women,371
Ian Mcleod,888-0319,tempor.bibendum.donec@icloud.com,Ap #256-2085 Libero. Rd.,New Zealand,4245,16-Feb-22,21:43,69,Women,529
Rhea Huffman,1-925-822-8373,facilisi.sed@google.net,Ap #245-6249 Tempus St.,South Korea,5835,11-Aug-22,4:47,22,Man,419
Lisandra Mcknight,1-875-850-3427,magnis.dis@protonmail.org,"P.O. Box 868, 2914 Quisque Street",Pakistan,254955,15-Aug-22,1:37,51,Man,532
Ifeoma O'donnell,1-208-552-8443,in.faucibus@protonmail.net,"926-9759 Sem, St.",Sweden,24538,17-Jun-23,15:03,27,Women,273
Brendan Curtis,1-581-450-7371,non.sollicitudin@yahoo.co,"P.O. Box 505, 7816 Magnis Street",Australia,6005,24-Dec-21,11:52,29,Man,169
Shannon Barker,708-2199,magna.cras@protonmail.org,231-2212 Arcu. Ave,Sweden,6523,22-Sep-22,22:55,52,Man,552
Martena Mitchell,964-5343,quam.a.felis@google.org,4388 Amet Avenue,South Africa,4036-0229,9-Mar-23,10:36,19,Man,382
Bruno Deleon,1-482-591-1044,integer@icloud.com,Ap #588-304 Molestie Rd.,Ireland,5789,19-Apr-21,15:11,49,Man,153
Vance Gibbs,1-564-872-2355,dapibus@aol.org,8606 Blandit Rd.,New Zealand,7738,29-May-22,9:16,34,Man,79
Erasmus Hendricks,1-784-734-4723,non.egestas@icloud.org,518-3614 Diam. Rd.,Singapore,324245,18-May-22,20:52,40,Women,426
Chester Graham,287-3055,tempor.est.ac@google.org,324-9873 Diam Rd.,Indonesia,52142,"nov. 30, 2021",6:44,35,Man,455
Slade Combs,1-833-377-6285,enim.mi@protonmail.net,3580 Mus. Rd.,South Korea,20647,"nov. 20, 2021",15:10,59,Women,76
Erasmus Chang,300-6263,pede.malesuada@aol.net,Ap #807-6821 Tempor Ave,Peru,45425,8-Aug-22,19:19,69,Women,262
April Briggs,1-558-144-6161,turpis.in@yahoo.co,"P.O. Box 904, 3234 Nec St.",Sweden,68378,"oct. 28, 2021",20:49,27,Women,276
Lani Rogers,628-6632,augue.id.ante@aol.co,4559 Ultrices. Av.,India,845812,14-Jan-23,9:04,26,Man,275
Mary Jacobs,289-8888,pretium.neque@google.net,Ap #629-3230 Ullamcorper Rd.,Australia,4951,"nov. 6, 2022",5:18,19,Women,192
Beck Santos,1-958-188-8678,ut.tincidunt@hotmail.org,622-4131 Integer St.,India,368436,30-Jan-22,23:35,36,Women,378
Amaya Cortez,781-8586,nonummy.fusce@google.com,Ap #691-7742 Tempus Rd.,Pakistan,753687,26-May-21,5:00,53,Man,271
Janna Christensen,605-7269,penatibus.et@google.co,Ap #762-8234 Suspendisse Rd.,Philippines,7883,13-Feb-22,9:39,60,Women,143
Keelie Cortez,836-3834,eros.turpis.non@google.co,Ap #840-3563 Iaculis Rd.,Turkey,33886,3-Dec-21,1:06,73,Women,588
Colorado Greene,131-2707,condimentum.eget@protonmail.net,887-5303 Nibh St.,New Zealand,8250,5-Apr-22,2:15,38,Women,343
Kenneth Bray,1-527-446-8333,aliquet.vel@icloud.co,336-305 Euismod Av.,Ukraine,54-22,10-Jul-21,7:40,40,Women,484
Reed Everett,536-2444,adipiscing@icloud.net,Ap #165-5081 Nunc St.,Nigeria,922103,"nov. 24, 2021",17:59,37,Man,510
Rinah Burton,522-4442,blandit@hotmail.org,1118 Vivamus Rd.,Belgium,8903,16-May-23,1:24,34,Man,117
Quail Crane,665-9221,consectetuer.ipsum.nunc@icloud.co,Ap #179-7282 Cras Road,Philippines,2528,11-Aug-22,20:49,52,Women,558
Thane Macdonald,1-688-285-6718,ornare.in.faucibus@aol.net,514-3449 Aenean Rd.,Ireland,6448,18-Jul-22,4:09,18,Man,457
Brynne Walton,128-0145,ornare.placerat@outlook.org,775-8486 Condimentum St.,Ukraine,31-35,20-Jan-21,12:59,28,Women,549
Giacomo Beard,1-676-852-1226,proin@aol.co,164-4922 Volutpat. Av.,Philippines,2348,26-Jan-23,15:46,31,Women,184
Piper Hanson,1-859-251-4165,ultricies@icloud.co,"P.O. Box 718, 4873 Justo St.",China,613633,14-Mar-21,21:17,31,Man,303
Rooney Berger,144-8054,sed.nec.metus@aol.org,1466 Curabitur St.,Netherlands,5464 WL,22-Mar-21,13:19,38,Man,490
Celeste Brown,384-1612,lobortis.nisi@aol.com,749-7550 Fusce St.,Sweden,76233,4-May-22,14:29,71,Women,254
Noah Noble,407-4555,risus.donec.egestas@outlook.net,1668 Mauris Avenue,Chile,935139,5-Dec-22,13:19,25,Man,553
Wade Morse,1-187-326-1679,hymenaeos@google.com,"Ap #911-4739 Lorem, Av.",Italy,13755,17-Jun-22,16:52,38,Man,362
Jana Anthony,1-832-457-7112,laoreet.ipsum@aol.org,Ap #831-6229 Dignissim Rd.,Spain,41730,2-Jun-23,20:20,47,Women,518
Sopoline Booth,419-4375,suscipit.nonummy.fusce@hotmail.co,1025 Vehicula St.,Australia,4041,"nov. 18, 2022",19:58,38,Women,196
Pamela Christian,1-654-518-0226,eu.neque.pellentesque@hotmail.co,147-9856 Tristique Road,Turkey,46235,2-May-23,18:13,60,Man,594
Declan Cantrell,1-415-972-5382,hymenaeos.mauris@hotmail.net,498-8115 Velit Ave,Australia,7389,29-Sep-22,8:04,29,Man,97
Irene Combs,1-405-731-1645,aliquam@yahoo.org,Ap #138-163 Vivamus St.,Netherlands,6871 HR,"oct. 18, 2021",8:09,46,Women,223
Nayda Weiss,645-6538,integer@google.net,"9126 Lorem, Road",Mexico,38118-14472,1-Jan-23,4:38,30,Women,449
Cara Houston,1-817-675-7713,nibh.phasellus@outlook.net,Ap #601-8140 Sodales St.,Colombia,652525,13-May-22,1:00,68,Women,272
Nehru Moon,183-6194,donec.nibh.quisque@aol.net,917-5041 Arcu Ave,Peru,26575,16-Apr-22,20:26,32,Man,280
Denton Shannon,1-356-708-2896,proin.vel@outlook.co,Ap #718-3748 Nunc Street,Russian Federation,665177,11-Jul-22,5:57,46,Women,296
Burton Ewing,801-1523,eu.placerat.eget@yahoo.org,842-3763 Neque Rd.,Italy,46276,"oct. 14, 2022",19:56,36,Man,234
Britanney Simon,861-3237,massa.rutrum@yahoo.org,583-5850 Fringilla Rd.,Ukraine,33-84,21-Jun-23,22:38,33,Man,295
Malik Conley,748-0148,dapibus@outlook.net,579-1190 Nullam Av.,United States,74332,12-Sep-22,8:33,20,Man,499
Acton White,1-482-842-7345,vitae.risus.duis@aol.com,451-4297 Cum Road,Colombia,252572,4-Dec-21,8:29,19,Man,128
Jenette Cobb,1-358-786-2573,dapibus@outlook.org,Ap #302-1613 Justo. Rd.,Spain,1643,12-Dec-21,7:55,70,Women,328
Riley Hoffman,657-1232,torquent.per@protonmail.org,"P.O. Box 373, 6964 Aliquam Avenue",Netherlands,3625 JJ,23-Feb-21,15:06,28,Man,432
Paki Guzman,1-236-665-0700,nunc.mauris.morbi@yahoo.net,6088 Interdum. Street,Vietnam,808026,"nov. 17, 2021",22:49,56,Man,467
Vladimir Pollard,321-0948,lacus.pede.sagittis@icloud.net,995-825 Est. Road,Brazil,88743-686,13-Apr-23,18:01,25,Man,335
Micah Walter,233-1288,convallis@protonmail.com,3861 Mattis Rd.,France,56641,6-Sep-22,15:11,45,Man,300
Jorden Hall,1-380-271-4642,enim@aol.co,6595 Habitant St.,Austria,6714,19-Dec-22,9:06,63,Women,241
Seth Mcgowan,423-5271,ultricies.adipiscing@yahoo.com,215-3367 Morbi Street,Vietnam,292981,9-Jun-21,2:06,48,Man,226
Fredericka Kramer,265-6455,in.molestie@outlook.org,223-9838 Donec St.,Ukraine,97-56,17-Jun-23,17:21,36,Women,418
Lucas Harding,1-277-433-2011,orci@icloud.net,7925 Aliquam St.,Philippines,2362,"oct. 25, 2022",1:10,51,Man,592
Fitzgerald Browning,222-8921,curabitur.vel@google.net,"P.O. Box 448, 4317 Cursus, Road",Indonesia,37565,27-Sep-21,11:34,55,Man,263
Jonah Wolf,180-2415,lorem.vitae.odio@icloud.net,Ap #645-9625 Natoque Road,Netherlands,4612 BE,"oct. 6, 2022",15:46,24,Women,188
Raja Gardner,645-7218,nam.ligula.elit@outlook.net,"Ap #301-3826 Et, Rd.",United States,73361,30-Apr-23,11:05,40,Man,531
Hop Roth,1-262-923-1322,at.auctor.ullamcorper@google.net,Ap #981-3812 Venenatis Av.,Australia,5734,11-Feb-21,2:07,57,Women,328
Claudia Sampson,1-524-330-1857,sollicitudin.commodo@outlook.net,5057 Mauris Av.,Russian Federation,432621,14-Jun-21,0:58,29,Man,433
Karina Peterson,1-216-730-2181,dictum.proin@protonmail.com,"Ap #665-516 Ut, Av.",United States,82642,15-Feb-22,23:19,51,Women,496
May Vasquez,234-2366,quis.diam@aol.org,947-2532 Dolor. St.,Russian Federation,631567,2-Jul-22,11:07,58,Women,264
Cally Lane,1-978-371-1823,consequat@yahoo.net,8336 Nisl. St.,Netherlands,7583 LF,8-Apr-22,6:50,50,Man,421
Madison Schwartz,1-654-783-2883,nullam.scelerisque@aol.org,Ap #124-1384 Auctor Av.,Turkey,50293,31-Dec-22,22:46,63,Man,279
Keane Pacheco,845-7246,scelerisque.neque@icloud.com,"9313 Adipiscing, Street",Indonesia,20676,11-Feb-21,20:17,34,Man,464
Hedley Love,283-6310,metus.aliquam.erat@outlook.org,402 Eu Av.,Germany,23428,15-Apr-21,3:41,40,Man,524
Alana Lambert,1-619-543-2282,malesuada@protonmail.co,519-5061 Neque Street,Poland,53-397,3-Mar-23,17:40,55,Man,549
Marshall Jarvis,1-846-302-3713,consectetuer@protonmail.org,846-8372 Non Rd.,Russian Federation,604187,3-Feb-22,9:26,65,Women,207
Kirestin Gallagher,1-235-365-8982,odio.etiam@aol.org,"8693 Aliquam, Street",New Zealand,8786,"oct. 28, 2021",8:16,20,Women,158
Rahim Potter,828-7812,sapien.cursus@protonmail.org,Ap #811-9454 Aliquet St.,China,418941,13-Apr-23,20:27,29,Women,196
Cameron Miles,348-6914,cum.sociis@hotmail.org,"Ap #229-8125 In, Ave",Colombia,352744,15-Feb-23,2:42,34,Women,584
Karina Larsen,668-5213,at.pede@outlook.net,Ap #815-7587 Vivamus St.,Chile,225286,18-Mar-22,19:21,45,Women,339
Xaviera Hunt,1-327-715-8788,mus@protonmail.net,883-3947 Consectetuer Ave,China,648645,"oct. 9, 2021",13:43,18,Women,153
Lane Walters,1-246-625-7924,mauris.id@google.com,5330 Lobortis Avenue,Germany,28650,7-Dec-21,22:50,69,Women,353
Hope Wiggins,1-482-144-1630,imperdiet.dictum@outlook.org,6957 Orci Rd.,Germany,42983,21-Jan-21,10:18,54,Women,466
Sonia Small,862-6700,bibendum@yahoo.co,419-8216 Est. Rd.,New Zealand,5338,"nov. 26, 2022",14:01,23,Women,276
Chanda Trevino,640-6578,blandit.enim@google.com,182-2104 Duis Avenue,Austria,7664,25-Aug-22,3:19,50,Women,194
Barry Woods,584-4522,mi.eleifend@yahoo.com,Ap #254-3521 Mus. Avenue,Poland,41-687,29-Jun-21,12:13,58,Man,361
Amity Stephenson,1-918-862-5517,vel.faucibus@aol.com,Ap #179-7741 Ligula. Ave,Brazil,58815-114,24-Apr-23,11:34,48,Women,66
Theodore Nixon,795-5999,velit@outlook.co,"P.O. Box 921, 714 Duis Rd.",France,12946,21-Feb-21,1:45,34,Women,525
Kyra Carey,769-6628,molestie@icloud.co,"P.O. Box 268, 9995 Eget Rd.",China,728078,9-Jun-23,6:34,18,Women,413
Guinevere Shepherd,987-5052,ligula.nullam.enim@google.com,"Ap #784-8828 Orci, St.",Austria,8188,4-Mar-21,4:34,27,Women,558
Ori Jennings,1-955-530-6536,consequat.purus.maecenas@aol.com,Ap #896-5029 Et Street,Mexico,35096-25373,8-Mar-21,3:29,45,Women,507
Steven Potts,1-441-847-8758,gravida.nunc@google.com,"438-4182 Nunc, Rd.",China,746558,10-Dec-21,18:31,49,Women,130
Todd Rhodes,290-6286,quis.turpis@aol.org,"P.O. Box 436, 935 A St.",Norway,8282,22-Jun-22,20:23,65,Women,148
Aphrodite Lang,834-0355,luctus.ut@outlook.com,Ap #696-3091 Mollis Rd.,Chile,827186,12-Aug-21,9:34,42,Man,177
Elvis Contreras,241-7385,eu@google.co,"P.O. Box 351, 4679 Erat Av.",Colombia,666385,8-Jul-21,1:10,22,Man,487
Eliana Vega,1-515-625-2658,vehicula@aol.co,Ap #490-5402 Velit. Rd.,Sweden,28755,27-Jan-21,8:29,68,Women,256
Harper Reyes,487-9042,sem.nulla@hotmail.com,Ap #923-2181 Lacus Av.,Ireland,7172,9-Sep-22,6:45,69,Man,466
Timon Hartman,387-8264,diam.sed.diam@outlook.co,151-1885 Nunc Avenue,Vietnam,400675,21-Jun-23,10:57,39,Women,261
Leonard Mcgowan,1-722-261-2891,libero.proin.mi@hotmail.com,Ap #132-158 Vestibulum Rd.,Chile,996137,14-Mar-23,9:19,65,Women,267
Nerea Skinner,1-999-265-3641,sed.id.risus@hotmail.net,Ap #479-6262 Etiam Av.,Netherlands,5377 FK,31-Dec-21,6:19,53,Women,454
Eagan Sims,676-8238,adipiscing.enim@google.org,3540 Nullam St.,Nigeria,707207,21-May-23,6:09,37,Women,411
Rafael Gould,689-2875,fringilla@outlook.net,Ap #553-6069 Dui. Road,Colombia,744857,27-Jul-22,14:34,18,Man,195
Cullen Delacruz,1-752-469-6752,phasellus.vitae.mauris@yahoo.co,823-2546 Varius Rd.,Vietnam,639461,28-May-22,0:53,48,Man,61
Curran Guy,148-5782,facilisis.eget@yahoo.net,Ap #492-4290 Ipsum Rd.,Austria,1655,14-Jul-22,9:47,19,Man,122
Mary Preston,1-985-494-2270,non.ante.bibendum@icloud.net,849-1037 Interdum St.,Netherlands,1154 LK,"oct. 15, 2021",2:03,19,Women,530
Lucian Serrano,697-7873,dolor.quam@hotmail.org,208-7136 Sapien. Avenue,Netherlands,6157 KT,17-Jul-21,9:39,41,Women,554
Glenna Terrell,1-230-244-1558,euismod.est@outlook.com,Ap #743-8241 Ante St.,Ireland,6162,"nov. 9, 2021",2:45,35,Man,591
Hu Reed,313-2662,sed.nulla@outlook.org,Ap #106-5177 In Rd.,Pakistan,651856,16-Feb-23,14:12,22,Man,254
Audra Combs,1-878-327-5278,cras.eget@icloud.co,539-8823 Aliquet Rd.,France,84502,8-Apr-21,7:54,67,Women,463
Gay Wagner,1-308-237-0581,convallis.dolor@hotmail.com,"511-6910 Mauris, Rd.",Mexico,71852-63551,26-Sep-21,7:39,68,Man,276
Gil Wagner,1-427-659-3123,dapibus.ligula@outlook.net,Ap #546-6598 Nisi. Rd.,Italy,91577,26-Jul-21,15:30,23,Women,124
Lawrence Snider,159-7226,et.magna@icloud.net,208-3108 Quam. Av.,Peru,16534,"oct. 12, 2022",21:31,24,Women,71
Whitney Lowery,205-4278,ante.iaculis@yahoo.co,926-4156 Egestas Rd.,Indonesia,64342,8-May-22,12:35,23,Man,333
Martena Hatfield,412-7617,nam.interdum.enim@google.co,8465 Ornare St.,Spain,30128,4-Mar-21,21:49,71,Man,57
Gillian Dodson,1-323-481-8205,ultrices.vivamus@google.org,526-4926 Cras Rd.,Peru,39118,4-Jan-23,11:26,62,Man,489
Tyler Stanton,956-6442,penatibus.et@icloud.net,960-8141 Et Rd.,South Korea,2682,25-May-21,22:58,71,Women,149
Ila Potter,576-4187,porttitor.scelerisque.neque@icloud.org,501-5459 Arcu. Rd.,Turkey,35307,16-Jul-21,13:15,59,Man,579
Yen O'brien,121-2422,orci.ut@aol.org,"P.O. Box 602, 3418 Nibh. Street",Brazil,85313-412,22-Feb-21,22:50,24,Women,73
Willa Grant,1-630-694-3446,justo.proin.non@google.net,402-7933 Ipsum. Ave,Chile,62373,16-Jun-21,0:27,65,Women,448
Armando Ware,863-9145,ornare.egestas@hotmail.co,"412-9167 Quam, Rd.",Mexico,65358-28681,27-Jan-21,7:16,41,Man,501
Jeremy Nichols,1-752-634-4586,ligula@outlook.co,850-4055 Cursus Rd.,Colombia,723675,"oct. 17, 2022",15:43,24,Man,155
Orlando Hunt,938-5456,elementum@icloud.co,Ap #185-7016 Est St.,Ukraine,45-24,20-Jun-21,19:16,44,Women,538
Hedley Nolan,1-724-145-3967,ante@aol.com,703-6783 Elit. Av.,South Korea,2877,27-Apr-21,19:44,34,Women,540
Stephen Crawford,952-6454,eu.sem@icloud.co,9007 In St.,Brazil,35837832,5-May-23,1:57,74,Man,593
Amber Fitzpatrick,1-188-183-6457,at.arcu@outlook.net,Ap #156-158 Quis Rd.,Indonesia,84678,9-Jan-23,10:55,49,Man,339
Nevada Woods,1-332-324-0844,ligula.aliquam@google.com,Ap #463-270 Tempus Rd.,Ukraine,63-38,27-Jun-21,2:15,67,Man,128
Iliana Ferrell,874-1316,lorem@aol.co,2083 Enim. St.,Germany,13965,17-Dec-21,23:42,61,Women,221
Emmanuel Colon,1-428-474-1034,luctus.ipsum@icloud.co,Ap #718-6781 Nunc Road,Australia,8526,29-Jun-23,23:11,55,Man,437
McKenzie Blair,301-5477,arcu.ac@protonmail.net,454-2054 Sed Ave,Austria,4584,21-Jan-23,1:47,69,Women,530
Rigel Graham,1-237-498-4163,sit.amet@hotmail.com,"P.O. Box 924, 8006 Mollis Rd.",Spain,26656,15-Jun-23,19:02,73,Women,528
Dorian Parsons,1-579-721-7380,odio@outlook.com,"P.O. Box 680, 5013 Volutpat. Street",Italy,14259,"nov. 7, 2021",20:09,35,Women,72
Vincent Thompson,1-776-265-6798,maecenas.mi@yahoo.org,Ap #928-9723 Mollis Ave,Spain,68001,24-Jul-21,3:20,30,Women,122
Herrod Guthrie,1-567-796-2188,molestie.arcu@google.org,161-5365 Suspendisse St.,Pakistan,514158,12-Jul-22,6:30,67,Women,96
Hillary Reilly,1-824-193-5045,a.mi@google.com,Ap #679-8819 Vel Road,Peru,19148,18-Aug-21,12:11,28,Women,500
Brielle Shannon,939-5746,egestas.a@protonmail.co,7811 Morbi Road,South Korea,15284,25-Jan-23,14:17,66,Man,513
Uma Collier,635-2752,cras.dolor.dolor@yahoo.net,"P.O. Box 736, 1827 Nullam Avenue",Pakistan,128548,5-Jan-22,5:32,65,Women,573
Camille Emerson,611-5863,commodo.tincidunt@yahoo.org,Ap #525-4101 Nisl. Ave,Germany,85948,23-Feb-23,12:42,56,Man,303
Jermaine Rodriquez,1-824-762-5339,eu@outlook.com,"P.O. Box 780, 1400 Pellentesque. Avenue",Vietnam,483475,"oct. 26, 2022",8:12,25,Women,565
Shea Carson,1-295-486-2158,velit.sed@aol.net,594-1716 Dui. Avenue,Sweden,93763,25-Jun-22,0:39,73,Man,184
Kane Best,735-8818,orci.lobortis.augue@yahoo.co,790-5691 Facilisis Ave,China,581572,"nov. 13, 2021",1:25,52,Man,109
Ethan Sweet,887-2052,venenatis.vel.faucibus@outlook.com,3965 Donec Avenue,South Africa,4582-4232,"nov. 17, 2022",0:52,33,Women,160
Wilma Humphrey,1-576-715-4026,vitae.dolor.donec@aol.net,2652 Leo Rd.,Vietnam,261225,7-Jul-22,17:44,58,Man,448
Dennis Greer,1-216-670-5663,dolor@protonmail.com,"P.O. Box 934, 7252 Dignissim. Avenue",Colombia,257476,10-May-21,0:12,37,Women,373
Tana Lynch,694-9224,orci.luctus.et@google.com,Ap #520-9722 At St.,Belgium,9660,16-Feb-22,22:22,39,Women,153
Savannah Avila,352-8097,senectus.et@protonmail.com,"P.O. Box 665, 1937 Orci Rd.",Russian Federation,190515,30-Jun-23,19:27,38,Women,577
Britanney Rojas,1-613-587-4523,felis.eget@google.org,2626 Luctus. Av.,Ireland,5148,"nov. 17, 2022",9:18,71,Women,311
Kenneth Meyers,1-253-417-3625,est.nunc@yahoo.co,Ap #544-4638 Fermentum Avenue,Italy,39261,2-Jul-22,8:54,66,Women,152
Britanney Benson,1-367-671-3427,metus.sit@outlook.co,9236 Accumsan Rd.,Australia,5893,4-Jul-23,6:54,66,Women,555
Ramona Burgess,825-3254,mauris.eu@protonmail.co,"P.O. Box 525, 3084 Duis Ave",Mexico,06888-57475,31-May-21,9:30,51,Man,572
Maia Johnston,1-558-316-1686,metus.vitae@aol.org,Ap #966-3126 Ipsum Road,Peru,25412,14-Jan-22,20:21,58,Women,357
Adam Randolph,1-546-666-9849,dis.parturient.montes@icloud.com,"206-236 Quis, Street",Sweden,29152,2-May-21,4:04,19,Man,85
Kevin Garner,1-925-568-1227,fringilla.ornare@yahoo.net,7931 Ligula. Avenue,Costa Rica,60313,26-Jun-21,17:25,30,Man,79
Abel Case,1-118-329-8790,commodo@outlook.com,283-5670 Pretium Street,Philippines,3062,5-May-22,17:46,74,Man,125
Jordan Wynn,1-517-451-4769,vivamus.euismod.urna@icloud.co,454-3592 Non Ave,Costa Rica,40607,24-Apr-23,5:43,60,Women,596
Ivy Levine,385-7518,pellentesque.tellus.sem@outlook.net,808-9019 Ante Av.,Vietnam,565837,5-Jul-22,5:40,56,Women,128
Erica Roberson,619-6363,at.lacus.quisque@google.com,2274 Enim Ave,Netherlands,3735 KR,18-Jan-22,11:19,73,Man,78
Blaze Nieves,1-272-667-3571,consectetuer@outlook.net,188-5453 Ligula St.,Costa Rica,50211,27-May-21,15:49,55,Man,387
Risa Bullock,1-573-637-2484,bibendum.sed.est@aol.net,Ap #643-801 Nam Avenue,New Zealand,9854,16-Mar-21,1:47,25,Women,414
Tyler Leach,1-791-651-3251,mauris.rhoncus.id@protonmail.net,"Ap #528-8835 Id, Av.",Canada,91X 2N4,10-Aug-21,12:13,44,Women,355
Porter Foster,437-5869,magna.malesuada@icloud.org,Ap #111-9396 Ultrices Ave,New Zealand,9657,"nov. 17, 2021",9:38,58,Man,331
Kitra Hodge,244-1537,et.libero@yahoo.net,"P.O. Box 730, 8960 Lectus Road",United States,48278,5-May-23,0:07,25,Women,265
Cailin Steele,1-396-138-3512,molestie@yahoo.com,Ap #959-2678 Lorem Ave,Australia,2379,13-Dec-21,7:02,56,Women,189
Evangeline Phillips,1-965-762-3275,vestibulum.ante.ipsum@yahoo.co,588-3988 Tellus. Street,South Korea,23336,24-Jan-23,1:31,33,Man,376
Gary Herring,1-723-618-7956,pellentesque@yahoo.net,416 Nunc Av.,Indonesia,25647,5-Jan-22,22:45,23,Man,151
Igor Allen,761-8630,in@hotmail.net,Ap #556-969 Risus. Rd.,Australia,7787,31-Jul-22,8:21,38,Man,559
Dante Lawrence,635-8342,risus.quis@outlook.co,"Ap #739-7657 Vitae, Rd.",Peru,30040,3-Mar-23,19:57,68,Man,506
Skyler Salas,499-5318,convallis.convallis@protonmail.org,654-3521 Nullam Avenue,Mexico,36231-78835,16-Dec-21,17:06,50,Women,318
Scarlett Turner,688-1858,ac.feugiat@protonmail.net,9005 Urna. Rd.,Peru,14325,17-Aug-22,15:40,40,Man,541
Kiara Wise,1-119-727-2448,nec.enim@google.com,9221 Tellus. Rd.,Ukraine,36-41,22-Feb-22,20:17,48,Women,267
Barry Hall,827-7166,ante.nunc@hotmail.co,Ap #420-3890 Lacus. Avenue,New Zealand,6271,11-Aug-21,9:16,19,Women,199
Zephr Burris,392-6586,dis.parturient.montes@protonmail.net,625-9374 Fringilla Ave,Poland,54-879,7-Aug-21,17:12,20,Women,184
Thane Bell,223-6712,eu.placerat@hotmail.net,3163 Tincidunt Av.,United States,78575,20-May-21,16:07,67,Man,380
Beck Austin,1-984-554-6633,iaculis@protonmail.net,299-9644 Proin Road,Spain,8857,3-Sep-22,5:19,51,Man,269
Sharon Marsh,1-770-567-4553,interdum.curabitur@protonmail.org,Ap #845-4738 Ac Road,United Kingdom,K3R 2JV,14-Jun-22,22:44,62,Man,207
Cleo Vincent,1-258-806-2897,adipiscing.elit@yahoo.co,"464-1476 Scelerisque, Rd.",Belgium,1665,6-Jun-23,7:09,50,Man,50
Barrett Huff,1-848-168-2652,cum.sociis@protonmail.co,113-9300 Interdum Street,South Africa,0413-1469,2-Feb-21,4:31,48,Man,253
Leah Stevens,1-290-974-1458,eu@yahoo.net,809-4410 Et Street,Nigeria,181447,10-Dec-22,14:34,27,Women,57
Amena Guy,1-121-754-4878,ultricies@hotmail.com,Ap #735-7482 Imperdiet Rd.,Peru,30623,6-Jun-22,5:05,38,Women,508
Alan Guerrero,594-4714,tincidunt.aliquam@icloud.org,858-7447 Sit Avenue,Ireland,7526,5-Jan-23,6:23,49,Women,525
Cain Byrd,675-6315,dolor@google.net,"P.O. Box 559, 1716 Egestas St.",Russian Federation,303739,10-Jan-23,13:20,48,Man,317
Jane Haley,616-6837,nulla.at@outlook.com,"P.O. Box 726, 6587 Scelerisque St.",South Africa,1961-8253,21-Aug-21,9:08,43,Man,318
Zachery Klein,786-7913,aliquet@outlook.co,"P.O. Box 989, 3773 Et Av.",United States,28573,18-Jun-21,13:18,22,Man,545
Michelle Pope,125-2777,consectetuer@outlook.co,Ap #132-1759 Leo Street,New Zealand,8562,"nov. 24, 2022",23:27,53,Women,360
Elijah Campbell,1-548-413-6664,enim.gravida.sit@hotmail.co,737-248 Sit St.,South Africa,9212-1504,4-Apr-22,10:38,47,Man,356
Uta Cunningham,1-874-276-1241,non.enim.commodo@outlook.org,524-9028 Sed St.,France,87156,10-Dec-22,16:04,74,Man,278
Kameko Cortez,1-426-170-8252,condimentum.eget@protonmail.org,Ap #155-9020 Tempor St.,Sweden,86371,30-May-21,18:07,22,Women,296
Hyacinth Acosta,1-607-785-6365,rutrum@icloud.com,Ap #309-2683 Eu Av.,Costa Rica,50610,28-Jun-21,18:05,23,Women,441
Herman Oliver,848-3818,a.odio@yahoo.net,9729 Convallis Av.,Ireland,7678,7-Jun-23,2:59,71,Man,292
Abigail Dunn,734-1741,ipsum@yahoo.co,"3499 Vulputate, Rd.",Poland,72-941,2-May-22,12:58,64,Man,491
Pamela Rojas,1-361-865-4351,elit@yahoo.co,891-7530 Sollicitudin Av.,Mexico,78276-43724,22-Aug-21,8:33,29,Women,527
Selma Moody,1-278-185-8382,laoreet.ipsum@hotmail.org,865-4099 Sed St.,Brazil,84785-481,20-May-21,15:34,69,Women,486
Calvin Rosario,795-9738,suspendisse@yahoo.com,"P.O. Box 532, 6029 Faucibus St.",Netherlands,3364 AT,4-Mar-22,2:23,62,Man,574
Katell Gonzalez,1-814-259-5103,aliquam@outlook.co,"P.O. Box 661, 8544 Bibendum Av.",South Korea,5861,"oct. 16, 2022",1:57,47,Man,273
Shelly Holden,149-2395,nascetur.ridiculus@protonmail.net,822-9225 A St.,South Korea,16513,30-Mar-21,23:50,52,Women,318
Hanae Beard,1-828-821-1828,curae.phasellus@outlook.org,"Ap #387-3574 At, Av.",Vietnam,287362,17-Feb-22,2:37,23,Man,478
Kuame Miller,1-178-586-5081,sit.amet@google.co,319-4126 Orci. St.,France,7282,22-Jun-22,4:39,32,Women,150
Geoffrey Camacho,1-767-218-4732,nec.tempus.mauris@hotmail.org,849 Risus. Street,Pakistan,348466,25-Apr-22,11:19,22,Man,565
Lane Prince,1-215-268-7374,nunc.mauris@aol.com,Ap #431-2871 Lectus Ave,Ireland,3240,16-May-22,9:35,33,Man,550
Quon Clark,1-125-458-3195,lacinia@hotmail.org,"Ap #416-1340 A, St.",Nigeria,817723,20-Jul-21,7:57,64,Man,477
Amelia Jensen,1-412-490-4525,ullamcorper.magna.sed@hotmail.com,Ap #845-4463 Aliquet Ave,Philippines,8363,15-Apr-22,7:01,40,Women,323
Nita Strong,485-8651,libero.morbi@yahoo.com,"605-1092 Aliquet, Rd.",Mexico,88261-64480,8-Jan-21,14:44,68,Women,203
Barry Pierce,256-2410,adipiscing.elit@protonmail.net,"573-7581 Quis, Road",Poland,32-122,5-Sep-21,12:44,23,Women,485
Hedy Justice,1-914-486-1821,aliquam.ultrices@outlook.org,8752 Arcu. Av.,South Africa,5717-3252,"nov. 8, 2021",8:03,54,Man,527
Dawn Carey,615-4513,sem.consequat@google.net,302-9882 Duis Street,Chile,102464,2-Apr-23,5:48,29,Man,501
Kiona Terry,1-262-749-9237,iaculis.odio@aol.org,475-3053 Vestibulum Road,Canada,R3B 8L5,"oct. 21, 2021",3:11,54,Women,57
Ezra Mcclain,1-346-895-1436,nec.orci.donec@yahoo.co,7288 Nulla. Rd.,Norway,5112,28-Apr-23,15:25,67,Women,455
Colton Wallace,346-5526,rhoncus.proin.nisl@aol.org,997-4760 Felis St.,Austria,4689,30-Sep-22,23:20,29,Man,421
Hope Fry,506-6765,et.ultrices@protonmail.com,"P.O. Box 975, 7475 Urna St.",South Africa,7226-7876,2-Feb-22,0:53,24,Women,190
Hilda Raymond,1-664-846-5014,lorem@outlook.co,5731 Lorem. Ave,Austria,3411,17-Jan-21,0:31,28,Women,252
Brody Potts,1-821-558-7806,cursus.nunc@icloud.org,318-622 Feugiat. Road,Nigeria,699508,4-Apr-23,10:39,21,Man,286
Latifah Dudley,670-0440,tincidunt@icloud.org,535-5835 Sem Av.,South Korea,438,14-Jan-23,10:51,35,Women,285
Grace Long,564-0191,magnis@hotmail.net,846-4860 Tellus Road,Netherlands,5876 FQ,"nov. 11, 2022",3:20,33,Women,433
Jordan Edwards,1-467-829-3865,congue.turpis@google.net,"P.O. Box 543, 4564 Felis, Ave",China,823811,"oct. 24, 2021",10:57,34,Women,494
Melissa Battle,1-461-418-7207,maecenas.malesuada@icloud.org,"P.O. Box 401, 4862 Arcu. Rd.",New Zealand,3212,31-Mar-22,23:21,37,Women,508
Ann Wise,1-274-161-7184,non@icloud.co,"P.O. Box 459, 5431 Vitae Rd.",Indonesia,36385,9-Jun-21,5:24,30,Women,420
Hu Bernard,1-539-146-3322,est@outlook.org,"P.O. Box 131, 2247 Nam Rd.",Austria,2124,"nov. 26, 2021",11:05,70,Women,373
Dieter Holloway,878-5726,magna.tellus@aol.org,"P.O. Box 991, 6655 Scelerisque St.",Canada,S4J 4T3,20-Apr-22,9:05,67,Man,540
Naomi Elliott,901-0305,tincidunt@yahoo.com,1208 Donec Rd.,South Africa,7998-3823,25-Apr-22,7:58,57,Man,131
Elvis Herring,1-571-166-9566,tellus@google.co,363-3251 Sed Road,Norway,9421,16-Apr-22,16:05,35,Women,433
Libby Wooten,1-352-197-5881,interdum.enim.non@hotmail.com,354-9184 Odio. St.,France,46834,25-Mar-23,17:26,62,Man,240
Jacob Daugherty,532-5239,dolor.tempus@protonmail.org,"P.O. Box 475, 255 Lacus. Road",Germany,38353,"nov. 14, 2022",1:52,21,Women,281
Jamal Anthony,273-3853,nostra.per@outlook.org,7665 Nullam Rd.,Sweden,58818,19-Apr-21,0:37,72,Man,244
Phoebe Hobbs,1-206-688-2769,eget.laoreet@aol.net,882-5653 Risus. Ave,Brazil,16672-869,20-Aug-22,18:59,44,Women,469
Kimberly Oliver,551-8738,pellentesque@protonmail.net,Ap #425-937 Nam Road,Germany,38277,20-Jul-21,11:37,62,Man,241
Kareem Barlow,729-7111,dolor.tempus@yahoo.net,Ap #631-6768 Luctus Rd.,Germany,26669,5-Jan-23,12:17,51,Women,475
Nicole Mcleod,818-7816,aptent.taciti@hotmail.com,3854 Justo Street,Ireland,8287,14-Dec-21,6:27,40,Women,67
Sandra Velasquez,555-6815,donec.egestas@aol.org,Ap #297-2499 Mauris Av.,Germany,16277,"oct. 5, 2021",2:03,55,Women,221
Fuller O'connor,731-1134,magna.malesuada@google.net,518-5520 Vestibulum. Street,China,218421,7-Aug-22,0:32,68,Man,297
Lenore Garrett,213-3463,rhoncus.id@hotmail.org,"P.O. Box 768, 9650 Sociis St.",Germany,43643,22-Apr-22,7:31,57,Women,310
Desiree Brennan,125-4272,donec.non.justo@icloud.net,"P.O. Box 790, 7646 Luctus, Street",Italy,45546,23-Feb-22,6:57,44,Man,346
Brenden Carey,648-4552,in.nec@yahoo.org,"P.O. Box 443, 5067 Mauris Rd.",Colombia,755959,30-Jan-21,2:20,42,Man,466
Guinevere Hardin,922-8941,elit.pharetra.ut@icloud.com,Ap #101-6531 Nunc Av.,United Kingdom,K27 3KX,8-Jun-22,17:48,36,Women,276
Kaye Cantu,1-273-938-4216,id.blandit@icloud.co,"P.O. Box 480, 3271 Cursus. Road",South Korea,2131,"oct. 23, 2022",23:48,21,Women,523
Ainsley Faulkner,636-2613,fusce@yahoo.com,"P.O. Box 955, 2656 Arcu. St.",United Kingdom,L14 6TU,9-Jul-22,11:13,55,Women,111
Brandon Gillespie,604-5336,nonummy.ipsum@hotmail.org,7682 Euismod Av.,Pakistan,107033,12-Jan-23,0:41,36,Women,156
Claire Key,1-598-254-1387,nascetur.ridiculus@aol.com,"P.O. Box 655, 3591 Ut Rd.",China,255863,13-Mar-22,13:05,47,Man,157
Donovan Scott,303-9124,ut@aol.org,Ap #712-3055 Magna. Av.,Chile,511028,25-Apr-21,18:36,45,Man,89
Brandon Mooney,346-8523,rhoncus.donec@hotmail.net,7303 Lacus Avenue,South Africa,5170-5220,25-Aug-21,4:08,50,Man,391
Forrest Allen,1-504-411-7664,donec.luctus@icloud.co,Ap #905-5901 Pede. Road,Indonesia,39985,25-Aug-22,5:26,29,Man,286
Griffin Lindsay,1-790-262-3449,placerat.orci.lacus@google.org,Ap #662-3175 Semper Street,Indonesia,56432,11-Dec-21,10:19,59,Man,293
Bryar Yates,1-390-836-3755,odio.a@icloud.org,"6018 Ullamcorper, Road",Belgium,3764,7-Aug-21,23:05,34,Women,92
Justine Haley,777-4146,faucibus@icloud.co,"P.O. Box 591, 900 Netus Rd.",United States,52346,24-Sep-22,22:38,50,Man,296
Louis Tyson,470-2688,at.egestas@protonmail.org,Ap #755-4702 Quam. St.,Nigeria,143638,"oct. 16, 2022",0:26,43,Women,512
Emerald Alvarado,1-953-878-3696,cursus@aol.org,Ap #532-4604 Praesent Rd.,Spain,31757,27-Jun-23,2:37,29,Women,525
Rowan Morgan,355-7871,facilisis.lorem@icloud.net,6058 Id Rd.,Russian Federation,676863,12-Jan-23,14:17,45,Man,376
Scarlett Stout,630-5127,adipiscing.elit.curabitur@outlook.net,554-9012 Arcu Street,Italy,52745,27-Jan-21,0:32,21,Man,500
Francis Salinas,1-239-496-4432,vulputate.posuere@aol.co,7537 Quam Ave,South Africa,1107-5021,18-Jun-22,1:38,55,Man,464
Carl Hernandez,808-1776,et@hotmail.org,Ap #326-5428 At Street,India,368238,5-May-23,12:54,59,Women,299
Kevin Dorsey,1-278-674-2321,pellentesque.habitant.morbi@yahoo.net,252-454 Diam. St.,Ukraine,37-73,23-Jan-22,21:32,72,Women,403
Lee Rose,1-738-176-8516,dolor.fusce@icloud.net,"8228 Pede, Road",India,315024,"nov. 30, 2021",3:44,49,Man,198
Nichole Perkins,1-718-486-1273,purus.maecenas@google.net,"P.O. Box 453, 9723 Id Avenue",France,73421,15-Feb-21,0:21,45,Women,349
Tasha Carter,911-5618,ipsum@icloud.co,754-1525 Eget Ave,Germany,98031,25-Dec-21,15:38,38,Man,568
Emerald Kim,1-346-213-7622,eu.odio@icloud.co,867-2746 Molestie St.,Austria,5322,18-May-23,10:46,67,Women,122
Jermaine Reed,221-5836,malesuada.id@aol.co,"355-5238 Pede, Street",Spain,68815,27-Jan-23,22:09,49,Women,594
Emily Giles,1-743-554-4578,ornare.tortor@google.com,Ap #855-2591 Et Rd.,Vietnam,879297,18-Feb-21,20:05,50,Women,578
Kevin Cook,482-6721,porttitor.tellus.non@yahoo.com,"P.O. Box 940, 5341 Consectetuer Rd.",Russian Federation,215211,16-Mar-21,15:06,65,Women,343
Mannix Willis,1-395-913-1347,duis.mi.enim@protonmail.org,Ap #544-3569 Ac Ave,New Zealand,2593,30-Jul-21,22:32,19,Women,557
Selma Bruce,1-859-780-9481,mauris.nulla.integer@yahoo.net,428-9364 Suspendisse Street,Chile,917138,18-Dec-21,5:39,59,Man,399
Justine Preston,228-7641,mauris.ut.mi@protonmail.net,"P.O. Box 574, 9713 Facilisis Road",Belgium,5268,"oct. 8, 2022",4:32,74,Man,308
Cyrus Campos,1-232-774-9490,praesent.eu@google.co,"876-7884 Ac, Road",United Kingdom,KR4 4FR,15-Sep-22,12:46,28,Man,274
Phoebe Gomez,543-2419,amet.risus.donec@aol.com,3213 Aliquam St.,Indonesia,34487,9-Sep-21,9:18,42,Women,472
Belle Tyson,1-828-588-5568,sociis.natoque@protonmail.org,"P.O. Box 104, 8644 Ligula Avenue",Singapore,797496,13-Feb-23,19:36,72,Women,171
Ayanna Bass,736-0097,et.libero@aol.org,Ap #828-9760 Ac Rd.,Spain,75769,7-May-23,0:23,52,Man,455
Kylee Martin,245-2198,adipiscing.enim.mi@protonmail.co,"301-5242 Lectus, Road",Ukraine,64-75,30-Apr-23,0:00,46,Women,58
Barry Mcclure,487-4158,eu.tellus@yahoo.com,774-797 Proin Street,Chile,181894,21-Dec-22,14:05,47,Women,129
Coby George,1-316-265-6125,curae.phasellus@protonmail.net,Ap #944-860 Turpis Avenue,Canada,S2T 8V1,1-Jun-23,6:38,46,Man,453
Seth Newton,1-258-530-8481,non@yahoo.co,"408-1765 Ultrices, Rd.",United States,44732,"oct. 12, 2021",0:13,30,Man,576
Kelly Tyson,942-8103,luctus.felis@aol.co,4291 Quisque St.,United Kingdom,YG2 7QU,13-Feb-22,8:10,62,Women,75
Wallace Thompson,255-8941,dui.nec@protonmail.com,Ap #964-1047 Non St.,United States,13182,21-Mar-22,16:48,47,Man,310
Francis Fuentes,1-686-588-9713,at@google.co,"440 Est, Av.",Sweden,58811,28-Apr-23,8:50,40,Man,458
Tallulah Jackson,391-2497,odio.vel@aol.co,Ap #887-2684 Mattis. Street,Poland,84-187,28-Feb-23,2:58,66,Man,473
Abbot Boyle,1-665-893-2588,nulla@yahoo.co,"P.O. Box 649, 9421 Vivamus Avenue",Norway,3546,22-Mar-21,14:42,36,Women,489
Stephen Marshall,1-621-944-7772,ipsum.dolor.sit@icloud.net,1793 Non Rd.,France,19116,9-Jun-23,19:57,72,Man,270
Eric Leach,372-6341,integer@hotmail.co,Ap #943-8026 Duis Av.,Netherlands,5635 KH,19-Aug-21,11:56,40,Man,318
Dominic Kane,1-438-181-7845,enim.gravida@aol.net,"P.O. Box 974, 9518 Phasellus St.",China,551540,19-Sep-22,1:05,69,Women,512
Luke Mcgee,1-865-803-2145,cursus@yahoo.net,Ap #144-6575 Nulla Rd.,India,531278,20-Mar-21,1:16,69,Women,363
Marah Cobb,827-8810,et.commodo.at@protonmail.com,"9829 Eu, Av.",Turkey,19596,1-Mar-21,13:40,58,Man,160
Paul Aguilar,1-453-401-6848,mauris.morbi.non@hotmail.com,"Ap #539-3716 Non, Rd.",Chile,523271,4-Mar-21,17:56,41,Man,318
Kibo Moran,579-6869,tincidunt.nunc@yahoo.com,Ap #951-582 Nullam St.,Australia,7666,29-Sep-22,15:05,44,Women,506
Roth Sargent,247-4647,mattis@hotmail.com,300-6761 Curae Ave,Costa Rica,51415,16-Sep-21,10:59,44,Man,115
Bert Parks,1-325-377-6201,hendrerit.id.ante@yahoo.co,Ap #394-3110 Lacinia. St.,Belgium,2775,"nov. 19, 2021",3:09,36,Man,74
Deirdre Morales,1-849-735-7167,mauris.eu.turpis@protonmail.net,7588 Gravida. St.,Mexico,83434-32758,30-Jun-22,1:17,37,Man,72
Marah English,1-220-858-7822,arcu.vel@aol.co,7470 Nec Rd.,Nigeria,942318,11-Feb-23,19:45,24,Women,489
Grace Santana,1-845-837-8859,rutrum@icloud.org,3648 Egestas. Av.,Brazil,67364-356,"oct. 25, 2021",5:13,51,Women,581
Brooke Molina,1-313-311-2624,lobortis.mauris@protonmail.org,"P.O. Box 530, 3548 Non, Road",Mexico,32680-14230,5-Mar-22,15:48,62,Women,572
Jason Mathews,446-5413,eu.sem@outlook.org,"P.O. Box 716, 8885 Placerat. Ave",Singapore,666367,16-Mar-21,19:34,23,Man,447
Keane Moreno,874-4359,magnis.dis@yahoo.com,480-3528 Pede. Rd.,Netherlands,6176 FS,17-May-21,11:23,71,Man,592
August Bauer,1-365-182-8986,malesuada.integer@protonmail.co,Ap #246-1356 Nulla Road,Nigeria,742281,"oct. 9, 2021",3:16,66,Man,324
Lee Logan,1-879-741-5813,ac.mattis@yahoo.net,823-5950 Neque. Avenue,Brazil,88884-631,8-Jun-22,4:22,51,Man,147
Stuart Wyatt,814-3575,cubilia@google.co,Ap #638-3399 Lorem Street,Netherlands,3762 TO,"oct. 31, 2022",4:16,51,Women,494
Uriah Irwin,1-783-463-7020,cursus@aol.com,"6150 In, St.",New Zealand,9164,"nov. 13, 2021",0:16,39,Women,502
Maite Lara,658-3473,dolor@icloud.com,Ap #715-756 Bibendum Ave,Mexico,56799-57167,28-Apr-21,20:10,60,Man,338
Marah Simpson,492-7995,placerat.velit@hotmail.net,Ap #199-2425 Lorem Av.,United States,35738,"oct. 14, 2022",10:37,23,Women,136
Clayton Clements,788-3454,nunc.sollicitudin@protonmail.com,9018 Adipiscing Rd.,Ukraine,98-78,"oct. 12, 2021",23:49,32,Women,291
Ulric Baxter,141-4698,ipsum.dolor.sit@outlook.net,101-337 Rutrum Avenue,Turkey,28256,2-Mar-23,20:18,42,Women,292
Leroy Mcclain,561-7624,nunc@google.com,Ap #369-8317 Diam Av.,Italy,68757,6-Apr-22,5:42,68,Man,181
Alea Woodard,531-6127,massa.lobortis@icloud.org,"959-8322 Nec, Rd.",Chile,498486,4-May-23,21:10,73,Man,398
Thaddeus Phelps,1-265-655-7861,nunc.nulla@outlook.org,"P.O. Box 769, 9636 Proin Av.",Philippines,4332,22-Apr-21,8:28,57,Man,260
Aiko Trujillo,775-8617,nec@hotmail.co,"Ap #394-9357 Id, St.",Nigeria,908016,6-Apr-22,3:46,28,Women,374
Jordan Banks,212-1253,sem.vitae.aliquam@google.net,Ap #702-3185 Vehicula. Rd.,Spain,46647,13-Jul-22,19:55,57,Man,256
Katell Barry,542-6614,sit.amet.orci@outlook.net,Ap #559-4389 Habitant St.,Netherlands,2439 LQ,29-Sep-21,17:27,55,Man,482
Jaden Murphy,489-1271,ullamcorper.duis@protonmail.com,1978 Semper Street,India,974548,"nov. 18, 2022",0:51,61,Women,390
Karyn Gonzales,1-853-804-7807,phasellus.nulla@outlook.com,Ap #449-6056 Euismod Ave,United States,81184,23-Apr-22,16:08,40,Women,331
Rafael Stokes,195-8051,tincidunt.orci@yahoo.co,"P.O. Box 339, 7771 Elit Street",New Zealand,7421,9-Dec-21,3:42,42,Man,236
Dacey Ruiz,1-534-735-3338,pede@google.com,525-3934 Neque Rd.,Austria,3227,30-Aug-22,0:48,68,Women,567
Olivia Webster,369-4575,penatibus@icloud.net,438-2961 Dolor Rd.,South Africa,0134-5376,23-Sep-22,17:55,65,Man,281
Aretha Pollard,1-912-767-8151,aliquet.metus@aol.org,"P.O. Box 331, 5079 Integer St.",Russian Federation,461856,27-Mar-21,16:14,21,Women,243
Lunea Woods,1-593-886-8328,suspendisse.sagittis.nullam@outlook.org,"P.O. Box 591, 4641 Amet, Av.",India,342311,29-Mar-21,21:53,38,Man,522
Haviva Pacheco,1-219-314-5783,phasellus.at@hotmail.org,"P.O. Box 812, 3578 Metus Rd.",United Kingdom,O47 8PP,"oct. 13, 2022",16:49,53,Man,87
Carissa Graves,762-0847,eu.erat.semper@google.org,3743 Purus Street,Belgium,7812,26-Jun-22,5:46,22,Women,568
Rhea Craig,676-4447,amet.faucibus.ut@outlook.net,535-1645 Porta Road,Philippines,9243,31-Jan-22,22:03,54,Man,447
Prescott Carter,534-0836,rhoncus@icloud.com,"P.O. Box 877, 7013 Varius Rd.",United Kingdom,KB48 6BF,"nov. 13, 2022",1:40,44,Women,330
Giacomo Molina,673-2524,parturient.montes.nascetur@aol.com,5568 Mi Ave,France,85339,27-Jun-22,2:38,56,Women,83
Dean Knowles,803-9587,et.netus@yahoo.com,4300 Interdum. Av.,United States,91555,17-Dec-22,10:01,51,Man,142
Malachi Hickman,158-6101,at.augue@outlook.co,Ap #153-2885 Nec Rd.,Ireland,8465,2-May-23,18:50,36,Man,147
Felix Chapman,962-2299,senectus@icloud.org,2540 Odio Rd.,France,41784,26-May-23,5:39,57,Women,421
Chava Tillman,1-767-897-4208,mauris@protonmail.org,Ap #356-2106 Risus. Rd.,Norway,2199,"nov. 17, 2022",0:55,52,Man,182
Phillip Avery,114-8811,neque.et@yahoo.org,Ap #440-9536 Ipsum Road,Indonesia,22777,30-Aug-21,16:21,70,Man,293
Amela Coffey,1-716-456-7721,lectus.justo@protonmail.net,Ap #327-6279 Inceptos Ave,Vietnam,678156,28-Jul-22,1:49,23,Women,561
Howard Melendez,656-3343,non@google.com,4828 Sit Road,South Africa,5782-7187,29-Sep-22,5:25,35,Women,456
Dale Hart,177-7552,quam@google.org,Ap #150-6673 Cursus Street,Philippines,7192,1-Mar-21,16:03,53,Man,464
Chester Reid,1-897-611-1032,eget@icloud.net,6426 Tempus Rd.,Ireland,6550,29-Jan-21,13:39,26,Women,243
Violet Travis,688-3586,egestas.a@yahoo.co,Ap #967-6271 Vivamus Avenue,China,112156,1-Sep-22,20:27,18,Man,341
Price Cantrell,1-797-358-0921,nec.ante.blandit@yahoo.org,"Ap #993-3219 Dui, Av.",United States,11112,23-Aug-22,12:51,54,Women,307
Aaron O'connor,197-4787,lectus.a@hotmail.org,Ap #711-9650 Nam St.,Poland,88-655,21-Mar-23,6:05,30,Man,86
Chaim Levine,1-552-476-8787,lacus.mauris.non@hotmail.org,574-7288 Tellus. Rd.,Costa Rica,50100,4-Feb-22,17:50,45,Women,146
Rudyard Haley,856-7945,lectus.sit@aol.com,Ap #632-532 Rhoncus. Road,United States,72793,8-Mar-23,22:21,71,Women,422
Brendan Crosby,417-2851,dictum@outlook.co,839-3919 Aenean Road,New Zealand,2424,23-Dec-22,14:01,52,Man,178
Jana Nieves,1-878-749-6337,enim.diam@icloud.net,7861 Facilisi. St.,Poland,26-479,30-May-21,22:09,52,Women,493
Keaton Houston,1-662-213-8634,et.netus@protonmail.org,"P.O. Box 864, 3392 Ultrices Rd.",United States,47306,6-Feb-23,22:48,57,Women,293
Eaton Rivas,1-563-406-2542,bibendum.ullamcorper@aol.org,Ap #197-6569 Nunc Road,Ireland,3536,4-Sep-21,15:16,34,Man,329
Cullen Holmes,137-5774,dolor.quisque.tincidunt@protonmail.net,6801 Eget Rd.,Austria,2297,29-Dec-21,12:00,27,Women,190
Melyssa Brady,353-2206,aliquet.odio.etiam@yahoo.co,"7933 Lorem, Avenue",Philippines,3116,20-Jun-23,19:11,45,Man,378
Cain Lambert,1-841-236-2683,vulputate.nisi@hotmail.co,7838 Nibh. Rd.,India,322534,24-Sep-21,22:18,70,Women,260
Finn Norman,1-810-851-2158,felis.eget@protonmail.co,"Ap #260-3132 Congue, Avenue",South Korea,6522,10-Dec-22,9:18,61,Man,480
Armand Sullivan,1-338-451-5099,curae.phasellus.ornare@protonmail.co,6276 Magna Rd.,Mexico,82185-30591,1-Jul-22,23:08,74,Man,408
Branden Chase,1-300-796-7179,tellus.phasellus@yahoo.net,4940 Blandit. Street,Netherlands,6124 KL,1-Sep-21,8:44,71,Women,377
Yvette Hoover,853-9823,commodo@outlook.org,203-7431 Vulputate Rd.,Philippines,5553,"oct. 20, 2022",0:58,49,Women,224
Bruno Rivers,1-817-244-6529,fusce.dolor@hotmail.org,5706 Massa Rd.,France,16018,10-Aug-21,7:04,72,Women,242
Carson Langley,1-633-679-8785,sagittis@yahoo.org,511-3399 Eget Rd.,India,911505,"oct. 19, 2022",17:39,37,Women,587
Quinn Sampson,572-4743,ante@hotmail.com,Ap #409-5393 Dolor. Road,United States,75374,3-Jul-21,14:12,45,Man,209
Petra Stewart,684-2415,semper.erat@yahoo.net,474-6573 At St.,Philippines,3043,28-Feb-23,2:40,41,Man,421
Benedict Matthews,622-4129,sapien.cursus@protonmail.org,8424 Suspendisse Rd.,Ukraine,36-21,2-Mar-23,8:18,74,Women,363
Ezekiel Meyers,473-0972,cursus.vestibulum@hotmail.co,549-462 Sem Rd.,Indonesia,57217,17-Sep-21,17:53,70,Women,51
Preston Rhodes,289-6726,integer@icloud.com,304-1481 Massa. St.,Chile,403235,13-Feb-21,9:59,62,Man,257
Lacy Lowe,1-830-778-3592,integer.vitae@yahoo.org,2805 Fermentum Street,Ireland,5934,7-Aug-22,5:48,58,Man,221
Gage Kelly,1-423-244-4605,tempus.risus.donec@icloud.com,Ap #535-3745 Varius. Ave,Norway,2662,24-Apr-22,1:46,67,Man,450
Oren Levy,1-221-281-2258,nisi@protonmail.co,1019 Semper Road,New Zealand,1581,2-Mar-21,4:49,36,Man,485
Lucius Baird,1-278-776-0970,sit.amet@aol.co,Ap #646-3004 Duis Avenue,Colombia,467787,"oct. 31, 2022",11:37,51,Women,489
Timothy Hewitt,574-8141,eget.varius.ultrices@protonmail.org,707-5976 Scelerisque Ave,Philippines,197,29-Mar-22,22:51,45,Man,143
Raymond Perkins,577-9745,nec.ante@protonmail.org,"P.O. Box 106, 1760 Euismod Road",Mexico,86532-22718,21-May-21,12:33,45,Women,428
Charlotte Battle,631-9246,ut.semper.pretium@protonmail.net,"284-1553 Adipiscing, Road",United Kingdom,K85 5CB,6-Jun-23,8:11,43,Man,201
Carol Carver,1-556-496-6902,tortor.nibh@google.org,623-3863 Sagittis. Rd.,Colombia,553576,21-Jul-21,1:06,21,Women,79
August Rocha,903-7541,mi.fringilla@google.co,484-5919 Dui Av.,Belgium,2539,3-Apr-22,18:01,64,Women,307
Yardley Waller,1-438-288-7984,fringilla.purus@yahoo.org,Ap #289-2561 Duis St.,Spain,43025,20-Feb-22,10:25,57,Women,266
Slade Brooks,445-2504,est@yahoo.com,Ap #355-9584 Gravida. Rd.,Ukraine,43-43,12-Apr-22,20:57,58,Man,464
Diana Blair,415-1420,aliquet.nec@icloud.net,"P.O. Box 211, 1139 Et Road",Norway,6716,25-Sep-22,6:24,54,Women,343
Tanisha Koch,1-459-343-3332,odio.sagittis@icloud.org,Ap #729-4997 Pellentesque St.,Costa Rica,50415,21-Jul-22,19:15,51,Women,578
Shaine Mann,270-0741,mollis.duis.sit@outlook.org,608-2143 Orci St.,Mexico,57876-51457,2-Jun-21,15:17,45,Man,537
Vernon Sandoval,1-599-934-4745,suspendisse.tristique.neque@protonmail.org,874-2730 Maecenas St.,New Zealand,8061,30-Jun-22,14:15,63,Women,50
Nicholas Townsend,1-382-821-7334,semper.nam@icloud.co,791-8458 Felis. Avenue,Singapore,762354,16-Apr-21,22:04,36,Man,165
Craig Giles,414-0528,luctus@yahoo.com,650-8015 Et Rd.,Netherlands,5615 GG,6-Sep-22,20:25,44,Man,282
Chester Hutchinson,144-6151,curae.donec@yahoo.net,306-9642 Turpis Av.,Peru,12127,18-Jun-22,3:49,24,Women,204
Armand Buchanan,1-244-848-3143,sed.auctor@aol.com,305-2303 Nibh. Av.,Canada,Y7J 1S2,27-Jul-22,11:44,21,Women,388
Nissim Hendricks,1-288-397-3566,volutpat@aol.com,"P.O. Box 376, 5304 Ultrices Rd.",Mexico,86568-56583,7-Aug-21,19:47,29,Man,431
Henry Sharp,1-744-477-1155,suspendisse@google.org,"2389 Est, Avenue",Ireland,4234,12-Jul-22,9:18,73,Man,173
Jana Potter,1-986-478-5215,dictum.eu@google.co,"P.O. Box 417, 9860 Sed St.",United States,15219,4-Apr-22,6:25,65,Women,143
Nero Bruce,488-8386,lacinia.sed.congue@icloud.org,811-3967 Morbi Avenue,Vietnam,941284,11-Dec-21,11:18,63,Women,334
Castor Love,288-5493,pellentesque.tellus@hotmail.org,Ap #799-7795 Eget Street,Brazil,82323-174,25-Jan-21,15:20,54,Women,341
Ella Holt,1-508-279-5129,quisque.tincidunt@icloud.co,200-3411 Nulla Rd.,Nigeria,523885,19-Mar-21,3:58,38,Man,549
Alyssa Todd,572-3781,elit.erat.vitae@google.net,148-3840 Laoreet Avenue,Russian Federation,433270,1-Jan-23,1:58,68,Women,138
Castor Duncan,1-609-153-4631,ipsum@yahoo.net,Ap #732-4708 Velit. Road,South Africa,0767-2610,6-Jan-21,22:43,33,Women,91
Darrel Parks,788-4131,proin@yahoo.org,"P.O. Box 776, 5245 Augue Rd.",Costa Rica,30207,10-Jan-22,1:08,26,Women,398
Hyacinth Gaines,1-328-791-4388,vivamus.sit@protonmail.co,Ap #286-3749 Porttitor St.,Brazil,58583-621,26-Mar-21,19:29,46,Women,256
Lars Simpson,1-640-932-5115,mi.fringilla@outlook.com,Ap #379-5869 Lobortis Rd.,Mexico,47307-35518,14-Mar-23,11:42,59,Man,549
Marcia Pollard,738-6818,turpis@outlook.com,"P.O. Box 876, 6689 Lacinia Ave",Mexico,32804-68514,26-Apr-22,8:00,23,Man,114
Cameron Dalton,825-9734,dolor.donec.fringilla@outlook.net,"P.O. Box 512, 3936 In Av.",Norway,1242,30-Sep-21,3:51,29,Man,93
Edward Edwards,753-9556,nunc@icloud.com,Ap #481-8433 Sed Rd.,China,648319,3-Jul-21,3:14,49,Women,412
Francis Mann,365-3150,parturient.montes.nascetur@aol.co,819-6286 Feugiat Rd.,Ireland,3261,19-Jan-22,19:34,60,Women,166
Lucas Mcgowan,431-5482,convallis.dolor@hotmail.org,"2547 Ante, Road",South Africa,0490-3542,8-Feb-23,17:05,72,Women,171
Winifred Lane,1-311-138-5274,amet.ornare.lectus@hotmail.co,Ap #640-4836 Nascetur St.,Austria,5884,3-May-23,5:13,27,Women,82
Odette Roth,1-450-676-4351,fermentum@hotmail.org,580-1367 Sed Street,Ukraine,56-23,24-Sep-22,9:32,67,Man,347
Chancellor Saunders,1-313-237-2944,enim.consequat@icloud.net,"Ap #714-4340 Non, Avenue",Peru,28292,25-Jun-23,19:17,68,Women,288
Frances Parrish,769-7718,ac.urna@hotmail.com,832-6134 Arcu. Av.,Singapore,167682,26-Mar-23,11:25,31,Man,379
Wang Robbins,1-879-312-7233,lorem@icloud.net,5079 Lectus Rd.,Pakistan,833456,24-Dec-21,14:57,59,Man,372
Abraham Walker,835-6185,nunc.sed.orci@outlook.net,"Ap #258-8540 A, St.",South Africa,3181-4474,31-Jan-23,13:46,28,Women,182
Dean Hensley,1-776-366-7784,dui@aol.com,"P.O. Box 896, 2956 Risus. Ave",China,746013,27-Aug-21,6:02,20,Women,511
Margaret Leblanc,522-8552,nec.enim@yahoo.org,437-1106 Nec Street,United States,74253,2-Feb-23,4:56,72,Women,518
